<beans xmlns="http://www.springframework.org/schema/beans"
	xmlns:xsi="http://www.w3.org/2001/XMLSchema-instance" xmlns:p="http://www.springframework.org/schema/p"
	xmlns:context="http://www.springframework.org/schema/context"
	xmlns:util="http://www.springframework.org/schema/util" xmlns:mvc="http://www.springframework.org/schema/mvc"
	xsi:schemaLocation="
        http://www.springframework.org/schema/util
        http://www.springframework.org/schema/util/spring-util-3.1.xsd
        http://www.springframework.org/schema/beans 
        http://www.springframework.org/schema/beans/spring-beans-3.1.xsd
        http://www.springframework.org/schema/context 
        http://www.springframework.org/schema/context/spring-context-3.1.xsd        
        http://www.springframework.org/schema/mvc
       http://www.springframework.org/schema/mvc/spring-mvc-3.1.xsd">

	<mvc:default-servlet-handler />
	<mvc:annotation-driven>
		<!-- 解决@ResponseBody中文乱码问题 ,由于spring mvc中StringHttpMessageConverter默认的编码为iso-8859-1-->
		<mvc:message-converters>
			<bean id="stringHttpMessageConverter"
				class="com.info.web.controller.util.ConfigurableStringHttpMessageConverter">
				<constructor-arg value="UTF-8" />
			</bean>
		</mvc:message-converters>
	</mvc:annotation-driven>
	<!-- 开启controller注解支持 -->
	<context:component-scan base-package="com.info.web.controller"
		use-default-filters="false">
		<context:include-filter type="annotation"
			expression="org.springframework.stereotype.Controller" />
	</context:component-scan>

	<!-- 静态资源映射 -->
	<mvc:resources mapping="/html/images/**" location="/html/images/" />
	<mvc:resources mapping="/html/css/**" location="/html/css/" />
	<mvc:resources mapping="/html/js/**" location="/html/js/" />
	<mvc:resources mapping="/html/ext/**" location="/html/ext/" />
	<mvc:resources mapping="/html/module/**" location="/html/module/" />
	<mvc:resources mapping="/editor/**" location="/editor/" />
	<mvc:resources mapping="/userfiles/**" location="/userfiles/" />

	<bean class="org.springframework.web.servlet.view.BeanNameViewResolver"
		p:order="0" />
	<bean
		class="org.springframework.web.servlet.view.ContentNegotiatingViewResolver"
		p:order="1">
		<property name="favorPathExtension" value="false" />
		<property name="favorParameter" value="false" />		
		<property name="viewResolvers">
			<list>
				<bean
					class="org.springframework.web.servlet.view.InternalResourceViewResolver">
					<property name="viewClass"
						value="org.springframework.web.servlet.view.JstlView" />
					<property name="contentType" value="text/html" />
				</bean>
			</list>
		</property>
	</bean>
	<bean id="viewResolver"
		class="org.springframework.web.servlet.view.InternalResourceViewResolver">
		
	</bean>


	<bean id="defaultJsonView"
		class="org.springframework.web.servlet.view.json.MappingJacksonJsonView" />
	<!-- 文件上传相关 -->
	<bean id="multipartResolver"
		class="org.springframework.web.multipart.commons.CommonsMultipartResolver">
		<!--one of the properties available;the maximum file size in bytes -->
		<property name="maxUploadSize" value="10000000" />
	</bean>
	<!-- 控制器异常处理 -->
	<bean id="exceptionResolver"
		class="org.springframework.web.servlet.handler.SimpleMappingExceptionResolver">
		<property name="defaultErrorView">
			<value>error</value>
		</property>
		<property name="exceptionMappings">
			<props>
				<prop key="java.lang.Exception">
					error
				</prop>
			</props>
		</property>
	</bean>

</beans>
